name,degrees,funds,location
Schaefer Halleen�s Social Equity Scholarship,"Master, Bachelor, Phd",$1000,united-states
President�s Scholarship for Ukraine,"Master, Bachelor, Phd, Course",$2500,united-states
International Students Diversity Contest 2022-2023,"Master, Bachelor, Phd, Course","Up to $2,000",united-states
Master in Business Administration 80% OFF your Tuition fee,Master,80% Tuition Fees,united-states
Improve Men�s Health Scholarship,"Master, Bachelor, Phd",$2000,united-states
3 Month F1 Visa Study English in USA Scholarship with Windsor University,Course,$1455,united-states
ArtUniverse,"Master, Course",Full or partial scholarship,united-states
American Indian Scholarships at Augsburg University,Bachelor,Partial tuition fees,united-states
International Contest for Students Support 2022-2023,"Master, Bachelor, Course","Up to $2,000 awards",united-states
Scholarships for Africa,"Master, Bachelor, Phd, Course",$100 to $3000,united-states
LAPTOP Scholarships - study Supply Chains,"Master, Bachelor, Phd, Course",up to $3000,united-states
Medicine: Fully Funded Swansea & HMRI PhD Scholarship: Ovarian Cancer Chemoresistance,Phd,Full cost of tuition fees and an annual stipend,united-states
New York University - September 11 Scholarships,"Master, Bachelor, Phd, Course",Pay any remaining balance.,united-states
TKS Full-Ride Scholarship,Course,"100% Tuition Fee [value of $6,000+]",united-states
Five scholarships of up to US$3000 for supply chain courses,"Master, Bachelor, Phd, Course",$3000,united-states
GREAT Scholarship for Bangladesh Students in UK,Master,"�10,000",united-kingdom
Diversity Scholarships for Africa and Latin American Students in UK,Master,50% scholarship,united-kingdom
Beth Mead Scholarships for International Students at Teesside University,"Bachelor, Master","�1,200",united-kingdom
Malaysia Scholarships at Nottingham Trent University,Master,"�4,000",united-kingdom
PhD Studentships in Predictive Uncertainty in Computer Vision for International Students in UK,Master,"�16,062 p.a., tuition fees + �2,000 research grant",united-kingdom
Strathclyde Business School MRes Scholarships in UK,Master,Tuition fees,united-kingdom
International Students Diversity Contest 2022-2023,"Master, Bachelor, Phd, Course","Up to $2,000",united-kingdom
Master in Business Administration 80% OFF your Tuition fee,Master,80% Tuition Fees,united-kingdom
3 Month F1 Visa Study English in USA Scholarship with Windsor University,Course,$1455,united-kingdom
ArtUniverse,"Master, Course",Full or partial scholarship,united-kingdom
Engineering: Fully Funded MSc by Research at Swansea: Functional Construction Materials,Master,Full cost of UK tuition fees and an annual stipend,united-kingdom
UEA Law School Country Specific Academic Excellence Scholarships in UK,Master,"�8,000 tuition fee reduction",united-kingdom
Saraswati Dalmia Scholarship at SOAS University of London,"Phd, Master","Up to �5,353",united-kingdom
The Professor Mike Walker OBE Scholarships for International Students in the UK,Master,"Up to �12,000 tuition fee reduction",united-kingdom
PhD Studentships in Electronic,Phd,,united-kingdom
International Students Diversity Contest 2022-2023,"Master, Bachelor, Phd, Course","Up to $2,000",canada
Master in Business Administration 80% OFF your Tuition fee,Master,80% Tuition Fees,canada
Improve Men�s Health Scholarship,"Master, Bachelor, Phd",$2000,canada
3 Month F1 Visa Study English in USA Scholarship with Windsor University,Course,$1455,canada
ArtUniverse,"Master, Course",Full or partial scholarship,canada
International Contest for Students Support 2022-2023,"Master, Bachelor, Course","Up to $2,000 awards",canada
Scholarships for Africa,"Master, Bachelor, Phd, Course",$100 to $3000,canada
LAPTOP Scholarships - study Supply Chains,"Master, Bachelor, Phd, Course",up to $3000,canada
TKS Full-Ride Scholarship,Course,"100% Tuition Fee [value of $6,000+]",canada
Five scholarships of up to US$3000 for supply chain courses,"Master, Bachelor, Phd, Course",$3000,canada
International No-Essay Support Competition Scholarships 2022-2023,"Master, Bachelor, Course","Up to $2,000",canada
THGM MUSE Scholarship,Bachelor,US$500 or C$630,canada
Master in Business Administration 80% OFF your Tuition fee - Scholarship,Master,80% off tuition fee,canada
International Students Support Contest 2022-2023,"Master, Bachelor, Course","Up to $2,000 awards",canada
Human Resource (HR) - Free Course From Windsor University's MBA,"Master, Course",100% free,canada
International Students Diversity Contest 2022-2023,"Master, Bachelor, Phd, Course","Up to $2,000",europe
Master in Business Administration 80% OFF your Tuition fee,Master,80% Tuition Fees,europe
3 Month F1 Visa Study English in USA Scholarship with Windsor University,Course,$1455,europe
ArtUniverse,"Master, Course",Full or partial scholarship,europe
International Contest for Students Support 2022-2023,"Master, Bachelor, Course","Up to $2,000 awards",europe
Scholarships for Africa,"Master, Bachelor, Phd, Course",$100 to $3000,europe
LAPTOP Scholarships - study Supply Chains,"Master, Bachelor, Phd, Course",up to $3000,europe
TKS Full-Ride Scholarship,Course,"100% Tuition Fee [value of $6,000+]",europe
Five scholarships of up to US$3000 for supply chain courses,"Master, Bachelor, Phd, Course",$3000,europe
International No-Essay Support Competition Scholarships 2022-2023,"Master, Bachelor, Course","Up to $2,000",europe
THGM MUSE Scholarship,Bachelor,US$500 or C$630,europe
Master in Business Administration 80% OFF your Tuition fee - Scholarship,Master,80% off tuition fee,europe
International Students Support Contest 2022-2023,"Master, Bachelor, Course","Up to $2,000 awards",europe
Becas Grisart 2022,Course,Take the courses free of charge.,europe
Human Resource (HR) - Free Course From Windsor University's MBA,"Master, Course",100% free,europe
International Students Diversity Contest 2022-2023,"Master, Bachelor, Phd, Course","Up to $2,000",south-africa
Master in Business Administration 80% OFF your Tuition fee,Master,80% Tuition Fees,south-africa
3 Month F1 Visa Study English in USA Scholarship with Windsor University,Course,$1455,south-africa
ArtUniverse,"Master, Course",Full or partial scholarship,south-africa
International Contest for Students Support 2022-2023,"Master, Bachelor, Course","Up to $2,000 awards",south-africa
Scholarships for Africa,"Master, Bachelor, Phd, Course",$100 to $3000,south-africa
LAPTOP Scholarships - study Supply Chains,"Master, Bachelor, Phd, Course",up to $3000,south-africa
TKS Full-Ride Scholarship,Course,"100% Tuition Fee [value of $6,000+]",south-africa
Five scholarships of up to US$3000 for supply chain courses,"Master, Bachelor, Phd, Course",$3000,south-africa
International No-Essay Support Competition Scholarships 2022-2023,"Master, Bachelor, Course","Up to $2,000",south-africa
THGM MUSE Scholarship,Bachelor,US$500 or C$630,south-africa
Master in Business Administration 80% OFF your Tuition fee - Scholarship,Master,80% off tuition fee,south-africa
International Students Support Contest 2022-2023,"Master, Bachelor, Course","Up to $2,000 awards",south-africa
Human Resource (HR) - Free Course From Windsor University's MBA,"Master, Course",100% free,south-africa
Project Management - Free Course From Windsor University's MBA,Course,100% free,south-africa
International Students Diversity Contest 2022-2023,"Master, Bachelor, Phd, Course","Up to $2,000",nigeria
Master in Business Administration 80% OFF your Tuition fee,Master,80% Tuition Fees,nigeria
3 Month F1 Visa Study English in USA Scholarship with Windsor University,Course,$1455,nigeria
ArtUniverse,"Master, Course",Full or partial scholarship,nigeria
International Contest for Students Support 2022-2023,"Master, Bachelor, Course","Up to $2,000 awards",nigeria
Scholarships for Africa,"Master, Bachelor, Phd, Course",$100 to $3000,nigeria
LAPTOP Scholarships - study Supply Chains,"Master, Bachelor, Phd, Course",up to $3000,nigeria
TKS Full-Ride Scholarship,Course,"100% Tuition Fee [value of $6,000+]",nigeria
Five scholarships of up to US$3000 for supply chain courses,"Master, Bachelor, Phd, Course",$3000,nigeria
International No-Essay Support Competition Scholarships 2022-2023,"Master, Bachelor, Course","Up to $2,000",nigeria
THGM MUSE Scholarship,Bachelor,US$500 or C$630,nigeria
Master in Business Administration 80% OFF your Tuition fee - Scholarship,Master,80% off tuition fee,nigeria
International Students Support Contest 2022-2023,"Master, Bachelor, Course","Up to $2,000 awards",nigeria
Human Resource (HR) - Free Course From Windsor University's MBA,"Master, Course",100% free,nigeria
Project Management - Free Course From Windsor University's MBA,Course,100% free,nigeria
International Students Diversity Contest 2022-2023,"Master, Bachelor, Phd, Course","Up to $2,000",pakistan
Master in Business Administration 80% OFF your Tuition fee,Master,80% Tuition Fees,pakistan
3 Month F1 Visa Study English in USA Scholarship with Windsor University,Course,$1455,pakistan
ArtUniverse,"Master, Course",Full or partial scholarship,pakistan
International Contest for Students Support 2022-2023,"Master, Bachelor, Course","Up to $2,000 awards",pakistan
Scholarships for Africa,"Master, Bachelor, Phd, Course",$100 to $3000,pakistan
LAPTOP Scholarships - study Supply Chains,"Master, Bachelor, Phd, Course",up to $3000,pakistan
TKS Full-Ride Scholarship,Course,"100% Tuition Fee [value of $6,000+]",pakistan
Five scholarships of up to US$3000 for supply chain courses,"Master, Bachelor, Phd, Course",$3000,pakistan
International No-Essay Support Competition Scholarships 2022-2023,"Master, Bachelor, Course","Up to $2,000",pakistan
THGM MUSE Scholarship,Bachelor,US$500 or C$630,pakistan
Master in Business Administration 80% OFF your Tuition fee - Scholarship,Master,80% off tuition fee,pakistan
International Students Support Contest 2022-2023,"Master, Bachelor, Course","Up to $2,000 awards",pakistan
Human Resource (HR) - Free Course From Windsor University's MBA,"Master, Course",100% free,pakistan
Project Management - Free Course From Windsor University's MBA,Course,100% free,pakistan
International Students Diversity Contest 2022-2023,"Master, Bachelor, Phd, Course","Up to $2,000",india
Master in Business Administration 80% OFF your Tuition fee,Master,80% Tuition Fees,india
3 Month F1 Visa Study English in USA Scholarship with Windsor University,Course,$1455,india
ArtUniverse,"Master, Course",Full or partial scholarship,india
International Contest for Students Support 2022-2023,"Master, Bachelor, Course","Up to $2,000 awards",india
Scholarships for Africa,"Master, Bachelor, Phd, Course",$100 to $3000,india
LAPTOP Scholarships - study Supply Chains,"Master, Bachelor, Phd, Course",up to $3000,india
TKS Full-Ride Scholarship,Course,"100% Tuition Fee [value of $6,000+]",india
Five scholarships of up to US$3000 for supply chain courses,"Master, Bachelor, Phd, Course",$3000,india
International No-Essay Support Competition Scholarships 2022-2023,"Master, Bachelor, Course","Up to $2,000",india
THGM MUSE Scholarship,Bachelor,US$500 or C$630,india
Master in Business Administration 80% OFF your Tuition fee - Scholarship,Master,80% off tuition fee,india
International Students Support Contest 2022-2023,"Master, Bachelor, Course","Up to $2,000 awards",india
Human Resource (HR) - Free Course From Windsor University's MBA,"Master, Course",100% free,india
Project Management - Free Course From Windsor University's MBA,Course,100% free,india
LSA International Student Scholarships at Regents of the University of Michigan in USA,Bachelor,"Up to $10,000",united-states
International No-Essay Support Competition Scholarships 2022-2023,"Master, Bachelor, Course","Up to $2,000",united-states
THGM MUSE Scholarship,Bachelor,US$500 or C$630,united-states
NLU Direct to Success Transfer Student Scholarship,Bachelor,25% Tuition Rate,united-states
Kendell College at NLU International Opportunity Scholarship,Bachelor,25% of the full-time tuition rate,united-states
NLU International Fresh Start Scholarship,Bachelor,44% tuition fee,united-states
National Louis University #YouAreWelcomeHere Scholarship,Bachelor,50% of full-time tuition,united-states
NLU Alumni Scholarship,"Master, Bachelor, Phd",15% Tuition Fee,united-states
Master in Business Administration 80% OFF your Tuition fee - Scholarship,Master,80% off tuition fee,united-states
International Students Support Contest 2022-2023,"Master, Bachelor, Course","Up to $2,000 awards",united-states
Tiffin University International Trustee Scholarships in USA,Bachelor,"$16,000",united-states
Tiffin University International President Scholarships in USA,Bachelor,"$14,000",united-states
Graduate International Scholarships at University of Central Oklahoma,Master,"Up to $2,000 ($1,000 per year)",united-states
International Opportunity Awards at Texas A&M University,Bachelor,"$100 to $15,000 p/a",united-states
Human Resource (HR) - Free Course From Windsor University's MBA,"Master, Course",100% free,united-states
Global Voices Scholarships at University of East Anglia,Master,"�20,000",united-kingdom
Postgraduate International Development Scholarships for Sub Saharan African Students in UK,Master,"�8,000",united-kingdom
Goodenough Scholarships,Master,"Up to �12,000",united-kingdom
International Contest for Students Support 2022-2023,"Master, Bachelor, Course","Up to $2,000 awards",united-kingdom
Scholarships for Africa,"Master, Bachelor, Phd, Course",$100 to $3000,united-kingdom
LAPTOP Scholarships - study Supply Chains,"Master, Bachelor, Phd, Course",up to $3000,united-kingdom
Sports Science: Fully Funded Swansea / DSTL PhD: Human response to prolonged heat exposure,Phd,Full cost of UK tuition fees and an annual stipend,united-kingdom
Medicine: Fully Funded Swansea & HMRI PhD Scholarship: Ovarian Cancer Chemoresistance,Phd,Full cost of tuition fees and an annual stipend,united-kingdom
Nanotechnology: Fully Funded Swansea University and European Commission PhD,Phd,Full cost of UK tuition fees and an annual stipend,united-kingdom
Materials Engineering: Fully Funded Swansea University and CISM PhD: Advanced Dielectrics,Phd,Full cost of UK tuition fees and an annual stipend,united-kingdom
Sanctuary Scholarship,"Master, Bachelor, Phd","Full-fee and �10,000 a year towards study costs",united-kingdom
Dean's International Excellence Scholarship,Master,Full-fee,united-kingdom
Dean's UK Excellence Scholarship,Master,100% of fees,united-kingdom
Masters Excellence Scholarship,Master,50% of fees,united-kingdom
TKS Full-Ride Scholarship,Course,"100% Tuition Fee [value of $6,000+]",united-kingdom
Project Management - Free Course From Windsor University's MBA,Course,100% free,canada
Global No-Essay Contest Scholarships for International Students 2022-2023,"Master, Bachelor, Course","Up to $2,000 awards",canada
Eon Essay Contest on The Precipice,"Master, Bachelor, Phd","15,000 USD top prize; 42,000 USD total prizes",canada
John and Lena Graham Commonwealth Bursary at Dalhousie University,"Phd, Master","At least $2,000",canada
International Student Support Contest 2022-2023,"Master, Bachelor, Course",Multiple awards,canada
Excellence Scholarships for African Students Studying in English,Bachelor,"$17,500 - $25,000 tuition fee reduction",canada
Online Islamic classes for kids,Course,40% off over all of our Islamic courses,canada
The Annual IELTS from 6 to 9 Scholarship,"Master, Bachelor, Phd","$1,000",canada
Scholarship for families want to learn Quran online,Course,50% off over all of our Quran courses,canada
Brock University Emerging Market Entrance International Awards,Bachelor,"$2,500",canada
UBC International Talent Scholarships in Canada,Master,"$10,000 - $30,000",canada
P.E.O. International Scholar Awards,Phd,"$20,000",canada
Ted Rogers School Graduate Entrance Scholarships for International Students at Ryerson University,Master,"$20,000",canada
Contest Scholarship Programme for International Students 2022,"Master, Bachelor, Course","Up to $1,500",canada
Entrance international awards at LaSalle College Vancouver,"Master, Bachelor","Up to $10,000",canada
Project Management - Free Course From Windsor University's MBA,Course,100% free,europe
Global No-Essay Contest Scholarships for International Students 2022-2023,"Master, Bachelor, Course","Up to $2,000 awards",europe
Eon Essay Contest on The Precipice,"Master, Bachelor, Phd","15,000 USD top prize; 42,000 USD total prizes",europe
Anonymous Hope Fund,"Master, Bachelor, Phd, Course",$3000,europe
International Student Support Contest 2022-2023,"Master, Bachelor, Course",Multiple awards,europe
Online Islamic classes for kids,Course,40% off over all of our Islamic courses,europe
The Annual IELTS from 6 to 9 Scholarship,"Master, Bachelor, Phd","$1,000",europe
Scholarship for families want to learn Quran online,Course,50% off over all of our Quran courses,europe
Contest Scholarship Programme for International Students 2022,"Master, Bachelor, Course","Up to $1,500",europe
International Scholarship Student Competition 2022,"Master, Bachelor, Course","Up to $2,000",europe
Global Contest Scholarships for International Students 2022,"Master, Bachelor, Course",Up to $2000 awards,europe
KDS International Scholarship Competition 2021-22,"Master, Bachelor, Course","Up to $1,500",europe
Professional Development Grants for International Students at University of Twente,"Course, Master","Up to $6,500",europe
International Students Contest Scholarships 2021-2022,"Master, Bachelor",Up to $1500,europe
KDS Competition Scholarship 2021,"Master, Bachelor","Up to $1,500",europe
Global No-Essay Contest Scholarships for International Students 2022-2023,"Master, Bachelor, Course","Up to $2,000 awards",south-africa
Eon Essay Contest on The Precipice,"Master, Bachelor, Phd","15,000 USD top prize; 42,000 USD total prizes",south-africa
Anonymous Hope Fund,"Master, Bachelor, Phd, Course",$3000,south-africa
International Student Support Contest 2022-2023,"Master, Bachelor, Course",Multiple awards,south-africa
Online Islamic classes for kids,Course,40% off over all of our Islamic courses,south-africa
The Annual IELTS from 6 to 9 Scholarship,"Master, Bachelor, Phd","$1,000",south-africa
Scholarship for families want to learn Quran online,Course,50% off over all of our Quran courses,south-africa
Contest Scholarship Programme for International Students 2022,"Master, Bachelor, Course","Up to $1,500",south-africa
UFIC Diane Fisher Awards for International Students in USA,Bachelor,,south-africa
International Scholarship Student Competition 2022,"Master, Bachelor, Course","Up to $2,000",south-africa
Global Contest Scholarships for International Students 2022,"Master, Bachelor, Course",Up to $2000 awards,south-africa
KDS International Scholarship Competition 2021-22,"Master, Bachelor, Course","Up to $1,500",south-africa
Professional Development Grants for International Students at University of Twente,"Course, Master","Up to $6,500",south-africa
International Students Contest Scholarships 2021-2022,"Master, Bachelor",Up to $1500,south-africa
Thomas A Plein Endowed funding for International Students at University of Queensland,Bachelor,,south-africa
Global No-Essay Contest Scholarships for International Students 2022-2023,"Master, Bachelor, Course","Up to $2,000 awards",nigeria
Eon Essay Contest on The Precipice,"Master, Bachelor, Phd","15,000 USD top prize; 42,000 USD total prizes",nigeria
Anonymous Hope Fund,"Master, Bachelor, Phd, Course",$3000,nigeria
International Student Support Contest 2022-2023,"Master, Bachelor, Course",Multiple awards,nigeria
Online Islamic classes for kids,Course,40% off over all of our Islamic courses,nigeria
The Annual IELTS from 6 to 9 Scholarship,"Master, Bachelor, Phd","$1,000",nigeria
Scholarship for families want to learn Quran online,Course,50% off over all of our Quran courses,nigeria
Contest Scholarship Programme for International Students 2022,"Master, Bachelor, Course","Up to $1,500",nigeria
UFIC Diane Fisher Awards for International Students in USA,Bachelor,,nigeria
International Scholarship Student Competition 2022,"Master, Bachelor, Course","Up to $2,000",nigeria
Global Contest Scholarships for International Students 2022,"Master, Bachelor, Course",Up to $2000 awards,nigeria
KDS International Scholarship Competition 2021-22,"Master, Bachelor, Course","Up to $1,500",nigeria
Professional Development Grants for International Students at University of Twente,"Course, Master","Up to $6,500",nigeria
International Students Contest Scholarships 2021-2022,"Master, Bachelor",Up to $1500,nigeria
Thomas A Plein Endowed funding for International Students at University of Queensland,Bachelor,,nigeria
PEEF Scholarships,"Master, Bachelor, Phd, Course",Tuition fees and basic expenses,pakistan
Global No-Essay Contest Scholarships for International Students 2022-2023,"Master, Bachelor, Course","Up to $2,000 awards",pakistan
Eon Essay Contest on The Precipice,"Master, Bachelor, Phd","15,000 USD top prize; 42,000 USD total prizes",pakistan
Anonymous Hope Fund,"Master, Bachelor, Phd, Course",$3000,pakistan
International Student Support Contest 2022-2023,"Master, Bachelor, Course",Multiple awards,pakistan
Online Islamic classes for kids,Course,40% off over all of our Islamic courses,pakistan
The Annual IELTS from 6 to 9 Scholarship,"Master, Bachelor, Phd","$1,000",pakistan
Scholarship for families want to learn Quran online,Course,50% off over all of our Quran courses,pakistan
Contest Scholarship Programme for International Students 2022,"Master, Bachelor, Course","Up to $1,500",pakistan
International Scholarship Student Competition 2022,"Master, Bachelor, Course","Up to $2,000",pakistan
Global Contest Scholarships for International Students 2022,"Master, Bachelor, Course",Up to $2000 awards,pakistan
KDS International Scholarship Competition 2021-22,"Master, Bachelor, Course","Up to $1,500",pakistan
Professional Development Grants for International Students at University of Twente,"Course, Master","Up to $6,500",pakistan
International Students Contest Scholarships 2021-2022,"Master, Bachelor",Up to $1500,pakistan
2021 Contest Scholarships for International Students,"Master, Bachelor, Course","Up to $1,500",pakistan
Global No-Essay Contest Scholarships for International Students 2022-2023,"Master, Bachelor, Course","Up to $2,000 awards",india
Eon Essay Contest on The Precipice,"Master, Bachelor, Phd","15,000 USD top prize; 42,000 USD total prizes",india
Anonymous Hope Fund,"Master, Bachelor, Phd, Course",$3000,india
International Student Support Contest 2022-2023,"Master, Bachelor, Course",Multiple awards,india
Online Islamic classes for kids,Course,40% off over all of our Islamic courses,india
The Annual IELTS from 6 to 9 Scholarship,"Master, Bachelor, Phd","$1,000",india
Scholarship for families want to learn Quran online,Course,50% off over all of our Quran courses,india
Contest Scholarship Programme for International Students 2022,"Master, Bachelor, Course","Up to $1,500",india
International Scholarship Student Competition 2022,"Master, Bachelor, Course","Up to $2,000",india
Global Contest Scholarships for International Students 2022,"Master, Bachelor, Course",Up to $2000 awards,india
50% scholarship for students based in India - University of Essex Online,"Master, Bachelor, Course",50% scholarship for all courses,india
KDS International Scholarship Competition 2021-22,"Master, Bachelor, Course","Up to $1,500",india
Professional Development Grants for International Students at University of Twente,"Course, Master","Up to $6,500",india
International Students Contest Scholarships 2021-2022,"Master, Bachelor",Up to $1500,india
2021 Contest Scholarships for International Students,"Master, Bachelor, Course","Up to $1,500",india
CalArts Merit Scholarships for International Students in USA,"Bachelor, Master","$10,000 p.a.",united-states
International Merit-Based Scholarships at Valparaiso University,Bachelor,Financial aid,united-states
Project Management - Free Course From Windsor University's MBA,Course,100% free,united-states
Global No-Essay Contest Scholarships for International Students 2022-2023,"Master, Bachelor, Course","Up to $2,000 awards",united-states
E-waste Scholarship,"Master, Bachelor, Phd","$1,000",united-states
Eon Essay Contest on The Precipice,"Master, Bachelor, Phd","15,000 USD top prize; 42,000 USD total prizes",united-states
Orangesoft Women in Technology Scholarship Program,"Master, Bachelor","$1,000",united-states
International Graduate Scholarships in USA,Master,"Up to $2,000",united-states
LCBAS and Applied Sciences International Merit Awards in USA,"Bachelor, Master","$1,500",united-states
International Student Scholarships at Castleton University,Bachelor,"Up to $2,500 p.a.",united-states
International Student Support Contest 2022-2023,"Master, Bachelor, Course",Multiple awards,united-states
Assisi Academic Scholarships for International Students at Marian University,Bachelor,"$8,000",united-states
International Scholarships at Lake Region State College,"Bachelor, Master",50% off tuition fees,united-states
Merit-Based Scholarships for International Students at Hartwick College,"Bachelor, Master","$15,000 - $28,000 p.a.",united-states
Online Islamic classes for kids,Course,40% off over all of our Islamic courses,united-states
Five scholarships of up to US$3000 for supply chain courses,"Master, Bachelor, Phd, Course",$3000,united-kingdom
University of Sussex International PhD Studentships in Mind and Material Culture,Phd,"Tuition fee, �15,609 p.a. + �2,000 research grant",united-kingdom
University of East Anglia Nigeria Awards in UK,Master,"Up to �5,000",united-kingdom
International Women in Business Scholarships at Queen Mary University of London,Bachelor,"�4,000",united-kingdom
Dean�s International Bursary in Faculty of Arts,Bachelor,"�1,000 p.a. for two years",united-kingdom
Lancashire School of Business and Enterprise PhD Studentships in UK,Phd,"Tuition fees + �15,609 p.a.",united-kingdom
Kolade Scholarships for International Students at University of Exeter Business School,Master,"�12,500",united-kingdom
Global Excellence Scholarships at Queen Mary University of London,Master,"�2,000",united-kingdom
Niloufar Ebrahim Scholarships for International Students at Kingston University London,Master,"Up to �11,100.",united-kingdom
University of Manchester Merit-based Master�s International Scholarships in UK,Master,"�6,000",united-kingdom
Medical Engineering: Fully Funded EPSRC PhD Scholarship: AI approaches to cell imaging data,Phd,Full cost of UK tuition fees and an annual stipend,united-kingdom
Biosciences: Fully Funded PhD Scholarship at Swansea: Seagrass Restoration,Phd,Full cost of UK tuition fees and an annual stipend,united-kingdom
International No-Essay Support Competition Scholarships 2022-2023,"Master, Bachelor, Course","Up to $2,000",united-kingdom
THGM MUSE Scholarship,Bachelor,US$500 or C$630,united-kingdom
Master in Business Administration 80% OFF your Tuition fee - Scholarship,Master,80% off tuition fee,united-kingdom
Silver Anniversary Recruitment Graduate International Fellowships in Canada,Phd,"$20,000",canada
International Scholarship Student Competition 2022,"Master, Bachelor, Course","Up to $2,000",canada
Global Contest Scholarships for International Students 2022,"Master, Bachelor, Course",Up to $2000 awards,canada
Mehran Bibi Sheikh Memorial Entrance Scholarships for International Students at Queen�s University,Bachelor,"$1,500",canada
Engineering International Student Entrance Scholarships at University of Waterloo,Bachelor,"$10,000",canada
Caribbean Scholarships at Niagara College,Bachelor,"$2,000",canada
KDS International Scholarship Competition 2021-22,"Master, Bachelor, Course","Up to $1,500",canada
University of Waterloo Graduate international awards in Canada,"Master, Phd","Up to $3,000",canada
Regional Graduate Program Entrance Scholarships for International Students at Conestoga College,Master,"$1,500",canada
HEC Montr�al MSc Entrance international awards in Canada,Master,"$5,000",canada
Professional Development Grants for International Students at University of Twente,"Course, Master","Up to $6,500",canada
English Proficiency Entrance Scholarships for International Students at Durham College,Bachelor,"Up to $1,500",canada
B.C. Access Grants in Canada,Bachelor,"Up to $4,000 p.a.",canada
International Students Contest Scholarships 2021-2022,"Master, Bachelor",Up to $1500,canada
Differential Tuition Fee Exemption international awards at University of Ottawa,"Master, Bachelor",Variable,canada
2021 Contest Scholarships for International Students,"Master, Bachelor, Course","Up to $1,500",europe
FindDataLab Research Grant Programme in USA and EU,"Bachelor, Master, Phd, Course","Up to $1,000 towards web scraping serivces",europe
Google Anita Borg Memorial Scholarships for International Students at Arizona State University,Bachelor,"$10,000",europe
IU International University of Applied Sciences Online Scholarships for International Students in Germany,"Master, Bachelor",Up to 85% of tuition fee,europe
Scholarship for Online Learner at IU International University of Applied Sciences � Online,"Master, Bachelor",Up to � 13.000,europe
Scholarship for Academics at IU International University of Applied Sciences � Online,"Master, Bachelor",up to �13.000,europe
Scholarship for Future Entrepreneur at IU International University of Applied Sciences - Online,"Master, Bachelor",not specified,europe
Scholarship for STEM/MINT Professionals at IU International University of Applied Sciences - Online,"Master, Bachelor",Up to �13.000,europe
Scholarship for Women in Leadership and Management at IU International University of Applied Sciences - Online,"Master, Bachelor",Up to �13.000,europe
Fully-Funded PhD Studentship in Nanochemistry at University of Exeter,Phd,"�15,009",europe
Marine Stewardship Council scholarship research program ,"Bachelor, Master, Phd, Course",Up to �4000,europe
WCC scholarships programme (World Council of Churches),"Bachelor, Master, Phd",Fully Funded,europe
IPRA Foundation Peace Research Grants Program,Phd,Fully Funded,europe
Mawista Scholarship for Students Studying Abroad with a Child,"Bachelor, Master",Fully Funded,europe
ROTARY GLOBAL GRANTS,"Master, Phd",Fully Funded,europe
2021 Contest Scholarships for International Students,"Master, Bachelor, Course","Up to $1,500",south-africa
Google Anita Borg Memorial Scholarships for International Students at Arizona State University,Bachelor,"$10,000",south-africa
IU International University of Applied Sciences Online Scholarships for International Students in Germany,"Master, Bachelor",Up to 85% of tuition fee,south-africa
Fully-Funded PhD Studentship in Nanochemistry at University of Exeter,Phd,"�15,009",south-africa
Marine Stewardship Council scholarship research program ,"Bachelor, Master, Phd, Course",Up to �4000,south-africa
WCC scholarships programme (World Council of Churches),"Bachelor, Master, Phd",Fully Funded,south-africa
IPRA Foundation Peace Research Grants Program,Phd,Fully Funded,south-africa
Mawista Scholarship for Students Studying Abroad with a Child,"Bachelor, Master",Fully Funded,south-africa
ROTARY GLOBAL GRANTS,"Master, Phd",Fully Funded,south-africa
European Molecular Biology Short-Term Fellowships,Phd,Fully Funded,south-africa
John Dillon Fellowship - Australian Centre for International Agricultural Research (ACIAR),Phd,Fully Funded,south-africa
Institute for Current World Affairs - FELLOWSHIPS,Phd,Fully Funded,south-africa
Adobe Research Women-in-Technology Scholarship,Bachelor,Fully Funded,south-africa
International Council of Ophthalmology (ICO) - Three-Month Fellowships,Phd,Fully Funded,south-africa
The Boehringer Ingelheim Fonds awards PhD fellowships,Phd,Fully Funded,south-africa
2021 Contest Scholarships for International Students,"Master, Bachelor, Course","Up to $1,500",nigeria
Google Anita Borg Memorial Scholarships for International Students at Arizona State University,Bachelor,"$10,000",nigeria
IU International University of Applied Sciences Online Scholarships for International Students in Germany,"Master, Bachelor",Up to 85% of tuition fee,nigeria
Fully-Funded PhD Studentship in Nanochemistry at University of Exeter,Phd,"�15,009",nigeria
Marine Stewardship Council scholarship research program ,"Bachelor, Master, Phd, Course",Up to �4000,nigeria
WCC scholarships programme (World Council of Churches),"Bachelor, Master, Phd",Fully Funded,nigeria
IPRA Foundation Peace Research Grants Program,Phd,Fully Funded,nigeria
Mawista Scholarship for Students Studying Abroad with a Child,"Bachelor, Master",Fully Funded,nigeria
ROTARY GLOBAL GRANTS,"Master, Phd",Fully Funded,nigeria
European Molecular Biology Short-Term Fellowships,Phd,Fully Funded,nigeria
John Dillon Fellowship - Australian Centre for International Agricultural Research (ACIAR),Phd,Fully Funded,nigeria
Institute for Current World Affairs - FELLOWSHIPS,Phd,Fully Funded,nigeria
Adobe Research Women-in-Technology Scholarship,Bachelor,Fully Funded,nigeria
International Council of Ophthalmology (ICO) - Three-Month Fellowships,Phd,Fully Funded,nigeria
The Boehringer Ingelheim Fonds awards PhD fellowships,Phd,Fully Funded,nigeria
Google Anita Borg Memorial Scholarships for International Students at Arizona State University,Bachelor,"$10,000",pakistan
IU International University of Applied Sciences Online Scholarships for International Students in Germany,"Master, Bachelor",Up to 85% of tuition fee,pakistan
Fully-Funded PhD Studentship in Nanochemistry at University of Exeter,Phd,"�15,009",pakistan
Scholarships at the Superior College in Pakistan,"Bachelor, Master",The sponsorship will provide the educational fund for your studies.,pakistan
April 2019 -Scholarship Application Open! Faculty of Global Studies,Bachelor,30-100% tuition fee,pakistan
Marine Stewardship Council scholarship research program ,"Bachelor, Master, Phd, Course",Up to �4000,pakistan
WCC scholarships programme (World Council of Churches),"Bachelor, Master, Phd",Fully Funded,pakistan
IPRA Foundation Peace Research Grants Program,Phd,Fully Funded,pakistan
Mawista Scholarship for Students Studying Abroad with a Child,"Bachelor, Master",Fully Funded,pakistan
ROTARY GLOBAL GRANTS,"Master, Phd",Fully Funded,pakistan
European Molecular Biology Short-Term Fellowships,Phd,Fully Funded,pakistan
John Dillon Fellowship - Australian Centre for International Agricultural Research (ACIAR),Phd,Fully Funded,pakistan
Institute for Current World Affairs - FELLOWSHIPS,Phd,Fully Funded,pakistan
Adobe Research Women-in-Technology Scholarship,Bachelor,Fully Funded,pakistan
International Council of Ophthalmology (ICO) - Three-Month Fellowships,Phd,Fully Funded,pakistan
Google Anita Borg Memorial Scholarships for International Students at Arizona State University,Bachelor,"$10,000",india
IU International University of Applied Sciences Online Scholarships for International Students in Germany,"Master, Bachelor",Up to 85% of tuition fee,india
Fully-Funded PhD Studentship in Nanochemistry at University of Exeter,Phd,"�15,009",india
April 2019 -Scholarship Application Open! Faculty of Global Studies,Bachelor,30-100% tuition fee,india
Marine Stewardship Council scholarship research program ,"Bachelor, Master, Phd, Course",Up to �4000,india
WCC scholarships programme (World Council of Churches),"Bachelor, Master, Phd",Fully Funded,india
IPRA Foundation Peace Research Grants Program,Phd,Fully Funded,india
Mawista Scholarship for Students Studying Abroad with a Child,"Bachelor, Master",Fully Funded,india
ROTARY GLOBAL GRANTS,"Master, Phd",Fully Funded,india
European Molecular Biology Short-Term Fellowships,Phd,Fully Funded,india
John Dillon Fellowship - Australian Centre for International Agricultural Research (ACIAR),Phd,Fully Funded,india
Institute for Current World Affairs - FELLOWSHIPS,Phd,Fully Funded,india
Adobe Research Women-in-Technology Scholarship,Bachelor,Fully Funded,india
Visiting Student Program (VSP) - Raman Research Institute,Phd,Partially Funded,india
International Council of Ophthalmology (ICO) - Three-Month Fellowships,Phd,Fully Funded,india
The Annual IELTS from 6 to 9 Scholarship,"Master, Bachelor, Phd","$1,000",united-states
Scholarship for families want to learn Quran online,Course,50% off over all of our Quran courses,united-states
Academic Scholar- Distinction International Awards in USA,Bachelor,$500 + tuition fee reduction,united-states
CS/IS International Graduate Achievement Scholarships in USA,Master,$500,united-states
Leaders of Tomorrow international awards in USA,Bachelor,"$33,000 ($8,250 p.a.)",united-states
P.E.O. International Scholar Awards,Phd,"$20,000",united-states
VCU Out-of-State Scholarships in the USA,Bachelor,"$7,500",united-states
Future Leaders in Tech Scholarship,Bachelor,"$20,000",united-states
Contest Scholarship Programme for International Students 2022,"Master, Bachelor, Course","Up to $1,500",united-states
INTO SLU Undergraduate Regional Scholarships at Saint Louis University,Bachelor,"$500 - $15,000",united-states
North Central College International Honors Scholarship in USA,Bachelor,"$27,000 p.a.",united-states
Global Citizen Scholarships at Saint Leo University,Bachelor,"$3,000",united-states
International Presidential Scholarships at North Central College,Bachelor,"$29,000 p.a.",united-states
OAS Scholarships for International Students at Marconi International University,"Master, Bachelor",55% of tuition fees,united-states
International Scholarship Student Competition 2022,"Master, Bachelor, Course","Up to $2,000",united-states
Engineering: Fully Funded EPSRC PhD Scholarship at Swansea University: solid-state batteries,Phd,Full cost of UK tuition fees and an annual stipend,united-kingdom
International Students Support Contest 2022-2023,"Master, Bachelor, Course","Up to $2,000 awards",united-kingdom
Becas Grisart 2022,Course,Take the courses free of charge.,united-kingdom
BLACA Awards for International Students in UK,Master,"Up to �9,000 towards tuition fees",united-kingdom
GREAT Scholarships for International Students at University of York,Master,"�10,000",united-kingdom
University of Exeter Business School Online International Scholarships in UK,Master,"�5,000 or �750",united-kingdom
Postgraduate Taught International Scholarships at Hull York Medical School,Master, 5% fee reduction,united-kingdom
Human Resource (HR) - Free Course From Windsor University's MBA,"Master, Course",100% free,united-kingdom
Maths and Physics Undergraduate International Scholarships in UK,Bachelor,"�5,000",united-kingdom
Postgraduate International Development Scholarships for South Korea Students,Master,"�6,000",united-kingdom
Computer Science Scholarships for International Students in UK,Master,"�2,000 or �4,000 tuition fee discount.",united-kingdom
African & Caribbean Excellence Awards at University of Glasgow,Master,Full tuition fee waiver,united-kingdom
Project Management - Free Course From Windsor University's MBA,Course,100% free,united-kingdom
Global No-Essay Contest Scholarships for International Students 2022-2023,"Master, Bachelor, Course","Up to $2,000 awards",united-kingdom
Engineering: Fully Funded PhD at Swansea: Capture and reduction of carbon emissions,Phd,Full cost of tuition fees and an annual stipend,united-kingdom
Entrance international awards at Sault College,"Master, Bachelor","Up to $4,000",canada
International Entrance Scholarships at Memorial University of Newfoundland,Bachelor,"$4,400",canada
International Postdoctoral Positions in Clinical Neurosciences,Phd,"$55,000 p.a. + benefits",canada
McMaster University Award of Excellence in Canada,Bachelor,"$3,000",canada
KDS Competition Scholarship 2021,"Master, Bachelor","Up to $1,500",canada
University Canada West Americas Tuition Awards in Canada,"Master, Bachelor",Discounted courses,canada
University Canada West Second Language Excellence international awards,"Bachelor, Master","Up to $8,000",canada
2021 Contest Scholarships for International Students,"Master, Bachelor, Course","Up to $1,500",canada
Dean�s Circle ESB International Student Awards in Canada,Bachelor,"$5,000",canada
University of Waterloo Arthur F. Church Mechanical Engineering international awards,Bachelor,"Up to $5,000",canada
University of Ottawa International Admission Doctorate Scholarships in Canada,Phd,"$9,000 p.a.",canada
Emerging Market Entrance Awards for International Students at Brock University,Bachelor,"$1,000-$4,000",canada
Google Anita Borg Memorial Scholarships for International Students at Arizona State University,Bachelor,"$10,000",canada
IU International University of Applied Sciences Online Scholarships for International Students in Germany,"Master, Bachelor",Up to 85% of tuition fee,canada
One-year Entrance Scholarships at McGill University,Bachelor,"$12,000",canada
European Molecular Biology Short-Term Fellowships,Phd,Fully Funded,europe
John Dillon Fellowship - Australian Centre for International Agricultural Research (ACIAR),Phd,Fully Funded,europe
Institute for Current World Affairs - FELLOWSHIPS,Phd,Fully Funded,europe
Adobe Research Women-in-Technology Scholarship,Bachelor,Fully Funded,europe
International Council of Ophthalmology (ICO) - Three-Month Fellowships,Phd,Fully Funded,europe
The Boehringer Ingelheim Fonds awards PhD fellowships,Phd,Fully Funded,europe
The Boehringer Ingelheim Fonds - Travel grants for junior researchers,Phd,Fully Funded,europe
"Paul Sumerall Memorial Scholarships, Merchants Bank of California",Master,Partially Funded,europe
Hayek Fund for Scholars - Institute for Humane Studies at George Mason University,Phd,Partially Funded,europe
Erasmus Exchange Programme,Fully Funded,,europe
YFU (Youth for Undestanding) - Youth Exchange,Not Funded,,europe
Be an exchange student for 1-2 semesters,Not Funded,,europe
Horizon 2020,Phd,Fully Funded,europe
Amelia Earhart Fellowship,Phd,Fully Funded,europe
The Leakey Foundation�s Research Grants to doctoral students,Phd,Fully Funded,europe
The Boehringer Ingelheim Fonds - Travel grants for junior researchers,Phd,Fully Funded,south-africa
"Paul Sumerall Memorial Scholarships, Merchants Bank of California",Master,Partially Funded,south-africa
SAIIA Bradlow Fellowship Programme,Phd,Fully Funded,south-africa
Hayek Fund for Scholars - Institute for Humane Studies at George Mason University,Phd,Partially Funded,south-africa
Erasmus Exchange Programme,Fully Funded,,south-africa
YFU (Youth for Undestanding) - Youth Exchange,Not Funded,,south-africa
Be an exchange student for 1-2 semesters,Not Funded,,south-africa
Horizon 2020,Phd,Fully Funded,south-africa
Amelia Earhart Fellowship,Phd,Fully Funded,south-africa
The Leakey Foundation�s Research Grants to doctoral students,Phd,Fully Funded,south-africa
Axol Science Scholarship for Graduate or Undergraduate Degree Programs,"Bachelor, Master, Phd",Fully Funded,south-africa
ArtUniverse Scholarships,"Bachelor, Master, Phd",Partially Funded,south-africa
DRD Scholarships for Sub-Saharan Africans,,,south-africa
The Boehringer Ingelheim Fonds - Travel grants for junior researchers,Phd,Fully Funded,nigeria
"Paul Sumerall Memorial Scholarships, Merchants Bank of California",Master,Partially Funded,nigeria
Hayek Fund for Scholars - Institute for Humane Studies at George Mason University,Phd,Partially Funded,nigeria
Erasmus Exchange Programme,Fully Funded,,nigeria
YFU (Youth for Undestanding) - Youth Exchange,Not Funded,,nigeria
Be an exchange student for 1-2 semesters,Not Funded,,nigeria
Horizon 2020,Phd,Fully Funded,nigeria
Amelia Earhart Fellowship,Phd,Fully Funded,nigeria
The Leakey Foundation�s Research Grants to doctoral students,Phd,Fully Funded,nigeria
Axol Science Scholarship for Graduate or Undergraduate Degree Programs,"Bachelor, Master, Phd",Fully Funded,nigeria
ArtUniverse Scholarships,"Bachelor, Master, Phd",Partially Funded,nigeria
The Boehringer Ingelheim Fonds awards PhD fellowships,Phd,Fully Funded,pakistan
The Boehringer Ingelheim Fonds - Travel grants for junior researchers,Phd,Fully Funded,pakistan
"Paul Sumerall Memorial Scholarships, Merchants Bank of California",Master,Partially Funded,pakistan
Hayek Fund for Scholars - Institute for Humane Studies at George Mason University,Phd,Partially Funded,pakistan
Erasmus Exchange Programme,Fully Funded,,pakistan
YFU (Youth for Undestanding) - Youth Exchange,Not Funded,,pakistan
Be an exchange student for 1-2 semesters,Not Funded,,pakistan
Horizon 2020,Phd,Fully Funded,pakistan
Amelia Earhart Fellowship,Phd,Fully Funded,pakistan
The Leakey Foundation�s Research Grants to doctoral students,Phd,Fully Funded,pakistan
Axol Science Scholarship for Graduate or Undergraduate Degree Programs,"Bachelor, Master, Phd",Fully Funded,pakistan
ArtUniverse Scholarships,"Bachelor, Master, Phd",Partially Funded,pakistan
The Boehringer Ingelheim Fonds awards PhD fellowships,Phd,Fully Funded,india
The Boehringer Ingelheim Fonds - Travel grants for junior researchers,Phd,Fully Funded,india
"Paul Sumerall Memorial Scholarships, Merchants Bank of California",Master,Partially Funded,india
Hayek Fund for Scholars - Institute for Humane Studies at George Mason University,Phd,Partially Funded,india
Erasmus Exchange Programme,Fully Funded,,india
YFU (Youth for Undestanding) - Youth Exchange,Not Funded,,india
Be an exchange student for 1-2 semesters,Not Funded,,india
Horizon 2020,Phd,Fully Funded,india
Amelia Earhart Fellowship,Phd,Fully Funded,india
The Leakey Foundation�s Research Grants to doctoral students,Phd,Fully Funded,india
Axol Science Scholarship for Graduate or Undergraduate Degree Programs,"Bachelor, Master, Phd",Fully Funded,india
The Indian Technical and Economic Cooperation (ITEC) Programme,Phd,Fully Funded,india
ArtUniverse Scholarships,"Bachelor, Master, Phd",Partially Funded,india
Wichita International Student Hardship Fund in the United States,Bachelor,"Up to $1,000",united-states
merit awards for International Students at Columbia College,Bachelor,"Up to $12,000 p.a.",united-states
Global Contest Scholarships for International Students 2022,"Master, Bachelor, Course",Up to $2000 awards,united-states
Meistersinger music awards for International Students at Wartburg College,Bachelor,"Up to $5,000 p.a.",united-states
Musicians Institute Musicianship international awards in USA,Bachelor,"$1,000",united-states
Merit-Based Scholarships for International Students at St. Francis College,Bachelor,"Up to $7,500",united-states
College of Lake County International Student Scholarships in USA,Bachelor,"$1,000",united-states
Catherine T. McNamee International Student Scholarships in USA,Bachelor,"Up to $30,000 p.a.",united-states
KDS International Scholarship Competition 2021-22,"Master, Bachelor, Course","Up to $1,500",united-states
Professional Development Grants for International Students at University of Twente,"Course, Master","Up to $6,500",united-states
International Presidential Scholarships at Stratford University,"Bachelor, Master",25% tuition discount,united-states
International Opportunity Scholarships at National Louis University,Bachelor,10% of the full-time tuition rate,united-states
International Students Contest Scholarships 2021-2022,"Master, Bachelor",Up to $1500,united-states
John Barras DDS Autism Scholarships,"Phd, Master, Bachelor, Course","$1,000",united-states
Merit-Based Scholarships for International Students at Kalamazoo College,Bachelor,"$21,000-35,000 p.a.",united-states
Sports Science: Fully Funded PhD at Swansea: The effect of mineral rich Algae,Phd,Full cost of UK tuition fees and an annual stipend,united-kingdom
Physics: Fully Funded PhD Scholarship at Swansea: Photovoltaic Applications,Phd,Full cost of UK tuition fees and an annual stipend,united-kingdom
Eon Essay Contest on The Precipice,"Master, Bachelor, Phd","15,000 USD top prize; 42,000 USD total prizes",united-kingdom
Anonymous Hope Fund,"Master, Bachelor, Phd, Course",$3000,united-kingdom
University of Sussex Hornsey Scholarship in UK,Master,"�10,000",united-kingdom
David Sainsbury Full MSc Scholarships for International Students in UK,Master,"Full tuition fees + �15,609 p.a. stipend",united-kingdom
Think Big About Education International Scholarships in UK,Master,"�5,000",united-kingdom
Lebanon Bursaries at University of Warwick,Master,25% tuition fee discount,united-kingdom
Chancellors International Business School Scholarships at University of Sussex,Bachelor,"�5,000 p.a.",united-kingdom
Chancellors International Engineering and Informatics Scholarships,"Bachelor, Master","�5,000 p.a.",united-kingdom
University of St Andrews EU Scholarships in UK,Master,"�8,000",united-kingdom
Blockchain in Business and Society International Scholarships,Master,"�15,000",united-kingdom
GREAT Scholarships for International Students at Falmouth University,Master,"�10,000",united-kingdom
Intake Education Taiwan Scholarships in UK,Master,"�2,000",united-kingdom
INTO Progressors International Scholarships at Queen�s University Belfast,"Phd, Master, Bachelor",10% of tuition fees,united-kingdom
Fully-Funded PhD Studentship in Nanochemistry at University of Exeter,Phd,"�15,009",canada
Graduate Dean�s Entrance Scholarship at University of British Columbia,Master," $5,000",canada
International Scholarship Program (Firdaws Academy),Course,100%,canada
MPOWER Global Citizen Scholarship,"Bachelor, Master, Phd","Fixed interest rates for amounts between $2,001.00 and $50,000.00",canada
Marine Stewardship Council scholarship research program ,"Bachelor, Master, Phd, Course",Up to �4000,canada
WCC scholarships programme (World Council of Churches),"Bachelor, Master, Phd",Fully Funded,canada
IPRA Foundation Peace Research Grants Program,Phd,Fully Funded,canada
Centre for Studies in Religion and Society (CSRS) Visiting Research Fellowships,Phd,Partially Funded,canada
Mawista Scholarship for Students Studying Abroad with a Child,"Bachelor, Master",Fully Funded,canada
ROTARY GLOBAL GRANTS,"Master, Phd",Fully Funded,canada
European Molecular Biology Short-Term Fellowships,Phd,Fully Funded,canada
John Dillon Fellowship - Australian Centre for International Agricultural Research (ACIAR),Phd,Fully Funded,canada
Konrad von Moltke Research Grants for the young researchers,Phd,Fully Funded,canada
Institute for Current World Affairs - FELLOWSHIPS,Phd,Fully Funded,canada
Adobe Research Women-in-Technology Scholarship,Bachelor,Fully Funded,canada
Axol Science Scholarship for Graduate or Undergraduate Degree Programs,"Bachelor, Master, Phd",Fully Funded,europe
ArtUniverse Scholarships,"Bachelor, Master, Phd",Partially Funded,europe
KU Full-tuition International Excellence Awards in USA,Bachelor,"Up to a full tuition waiver ($25,000+/year)",united-states
International Undergraduate Commitment Scholarships at Western Illinois University,Bachelor,"Up to $8,000",united-states
international awards at Anderson University,Bachelor,Variable,united-states
International Student Emergency Relief Scholarships in USA,Bachelor,"Up to $1,000",united-states
KDS Competition Scholarship 2021,"Master, Bachelor","Up to $1,500",united-states
2021 Contest Scholarships for International Students,"Master, Bachelor, Course","Up to $1,500",united-states
Graduate Studies international awards at University of Southern Maine,Master,"Up to $3,000",united-states
Charger Award for International Students at University of New Haven,Bachelor,"Up to $14,000 p.a.",united-states
Freshman Scholarships for International Students at Wilkes University in USA,Bachelor,"$14,000 � $21,000",united-states
President�s Entrance international awards at Ryerson University in Canada,Bachelor,"$40,000",united-states
John Foy & Associates Strong Arm Leukemia funding for International Students in USA,"Bachelor, Master","$1,000",united-states
James B. Duke Scholarships for International Students at Furman University,"Bachelor, Master",Full tuition + stipend,united-states
University of Findlay International Scholar Awards in USA,Bachelor,Variable,united-states
Musicians Institute Melodic Soloing Guitar international awards in USA,"Bachelor, Master","$1,500",united-states
FindDataLab Research Grant Programme in USA and EU,"Bachelor, Master, Phd, Course","Up to $1,000 towards web scraping serivces",united-states
Mischon de Reya Scholarships for International Students at Queen Mary University of London,Master,Full tuition fees,united-kingdom
CU Group Undergraduate International Scholarships in UK,Bachelor,"�5,000",united-kingdom
International Student Support Contest 2022-2023,"Master, Bachelor, Course",Multiple awards,united-kingdom
Department of Meteorology International PhD Scholarships in UK,Phd,"Up to �3,000",united-kingdom
Postgraduate International Studentships in Marketing,Master,"�5,900",united-kingdom
Online Islamic classes for kids,Course,40% off over all of our Islamic courses,united-kingdom
The Annual IELTS from 6 to 9 Scholarship,"Master, Bachelor, Phd","$1,000",united-kingdom
Scholarship for families want to learn Quran online,Course,50% off over all of our Quran courses,united-kingdom
African Scholarships at University of Essex,Master,"�4,500",united-kingdom
GREAT Scholarships for Mexican Students at Queen�s University Belfast,Master,"�10,000",united-kingdom
GREAT China Scholarships for Justice and Law,Master,"�10,000",united-kingdom
Great Scholarship for Chinese Students at University of Sussex,Master,"�10,000",united-kingdom
Warwick WMG Bursaries for Iranian Students in UK,Master,25% of tuition fees,united-kingdom
International School Undergraduate Outstanding Achievement Scholarships in UK,Bachelor,"�2,500",united-kingdom
University of Glasgow Angela Adams Scholarship 2022,Master,"�5,000",united-kingdom
Mount Saint Vincent University - Graduate Student Scholarships,"Master, Phd",Partially Funded,canada
International Council of Ophthalmology (ICO) - Three-Month Fellowships,Phd,Fully Funded,canada
The Boehringer Ingelheim Fonds awards PhD fellowships,Phd,Fully Funded,canada
The Boehringer Ingelheim Fonds - Travel grants for junior researchers,Phd,Fully Funded,canada
"Paul Sumerall Memorial Scholarships, Merchants Bank of California",Master,Partially Funded,canada
McGill University - Entrance Law Scholarships,Bachelor,Partially Funded,canada
"McGill University - Graduate Law Scholarships, funds and bursaries",Master,Partially Funded,canada
University of Manitoba - Graduate Fellowship (UMGF),Master,Fully Funded,canada
York University - International Entrance Scholarship,Bachelor,Partially Funded,canada
Hayek Fund for Scholars - Institute for Humane Studies at George Mason University,Phd,Partially Funded,canada
The Humane Studies Fellowship - Institute for Humane Studies at George Mason University,Phd,Fully Funded,canada
IIASA Funded Postdoctoral Fellowships,Phd,Fully Funded,canada
Erasmus Exchange Programme,Fully Funded,,canada
YFU (Youth for Undestanding) - Youth Exchange,Not Funded,,canada
Be an exchange student for 1-2 semesters,Not Funded,,canada
International Merit Awards at Culinary Institute of America,Course,Tuition fee reduction.,united-states
Google Anita Borg Memorial Scholarships for International Students at Arizona State University,Bachelor,"$10,000",united-states
Quran Learning Scholarship Program,Course,Up to $300,united-states
Need-Based Grants for International Students in the United States,Bachelor,"Up to $10,000 p.a.",united-states
Global Leader Scholarships in the USA,Bachelor,"approx. $10,656 p.a.",united-states
4WARD Graduation Scholarships for International Students,Bachelor,50% of tuition over 4 years,united-states
IU International University of Applied Sciences Online Scholarships for International Students in Germany,"Master, Bachelor",Up to 85% of tuition fee,united-states
International Merit Scholarship at University of Memphis,"Bachelor, Master",Varying award amount,united-states
"$2,500 for Graduate School: GradCAS Breakthrough Scholarship","Master, Phd","$2,500",united-states
"$2,500 for Engineering Students: EngineeringCAS Breakthrough Scholarship","Master, Phd","$2,500",united-states
"$2,500 for Business School: BusinessCAS Breakthrough Scholarship","Master, Phd","$2,500",united-states
Invitation to Idaho funding for International Students at University of Idaho,Bachelor,"$15,084",united-states
Fully-Funded PhD Studentship in Nanochemistry at University of Exeter,Phd,"�15,009",united-states
Carr Academic Scholarship,Bachelor,"$15,000",united-states
Global Scholars Program to Study at Babson College,"Bachelor, Course",full scholarship,united-states
University of Birmingham Bellerbys Outstanding Achievement International Scholarship in UK,Bachelor,"�2,500",united-kingdom
GREAT Scholarships for Ghana Students at University of Warwick,Master,"�15,000",united-kingdom
Great Scholarships for India and Singapore Students at University of Plymouth,Master,"�10,000",united-kingdom
Latin American Taught Scholarships in UK,Master,"�5,000",united-kingdom
Advanced Chemical Engineering Professor�s International Scholarship in UK,Master,"Up to �11,075",united-kingdom
ULMS Indian Subcontinent Excellence Scholarships in UK,Master,50% of tuition fees,united-kingdom
Sir Ray Tindle international awards at University of Creative Arts,Bachelor,"�1,000 p.a.",united-kingdom
Great Scholarships for International Students at University of Derby,Master,"�11,000",united-kingdom
UCA Creative Europe Scholarships in UK,"Bachelor, Phd, Master",Tuition fee reduction to UK home fees,united-kingdom
UCA Nick Jack Scholarships for International Students in UK,Master,"�5,000",united-kingdom
ULMS European Union Excellence Scholarships in UK,Master,50% of tuition fees,united-kingdom
Aberystwyth University IBERS international awards in UK,Master,40% tuition fee discount,united-kingdom
Contest Scholarship Programme for International Students 2022,"Master, Bachelor, Course","Up to $1,500",united-kingdom
EU Grant Award at the University of Gloucestershire,"Phd, Master, Bachelor","�3,000",united-kingdom
Robert Lethbridge international awards in Modern Language,Master,"�1,250",united-kingdom
Horizon 2020,Phd,Fully Funded,canada
PhD Position in Fiber Devices for International Students,Phd,Fully Funded,canada
Amelia Earhart Fellowship,Phd,Fully Funded,canada
The Leakey Foundation�s Research Grants to doctoral students,Phd,Fully Funded,canada
Axol Science Scholarship for Graduate or Undergraduate Degree Programs,"Bachelor, Master, Phd",Fully Funded,canada
ArtUniverse Scholarships,"Bachelor, Master, Phd",Partially Funded,canada
Carleton University Entrance Scholarships for International Students,Bachelor,Partially Funded,canada
International Student Scholarships - Western University (UWO),Bachelor,Partially Funded,canada
National Buckeye Scholarship,Bachelor,"$54,000",united-states
Spirit of Giving Scholarship,"Bachelor, Course"," $3,000",united-states
Global Spartan Leadership Program for International Students at Michigan State University,Bachelor,$8000 ,united-states
International Scholarship Program (Firdaws Academy),Course,100%,united-states
MIT THINK Scholarship Program,Course,"$7,000 worth of prizes",united-states
University of Maine Intensive English Institute Discovery Scholarship in the USA,Bachelor,"US $2,000",united-states
President�s Postdoctoral Fellowship Program at University of California in USA,Phd,"$50,760",united-states
Family Empowerment program,Bachelor,The scholarship amount is the lesser of the school�s tuition and fees or the calculated scholarship amount ,united-states
Rentkidz Annual Scholarship,"Bachelor, Course",$750,united-states
MPOWER Global Citizen Scholarship,"Bachelor, Master, Phd","Fixed interest rates for amounts between $2,001.00 and $50,000.00",united-states
Prodigy Finance � International Student Loans,,,united-states
MPOWER Financing � Education Loans for International Students,"Bachelor, Master, Phd","Fixed interest rates for amounts between $2,001.00 and $50,000.00",united-states
Marine Stewardship Council scholarship research program ,"Bachelor, Master, Phd, Course",Up to �4000,united-states
Ratingle Scholarship Program,"Bachelor, Master, Phd, Course",$1000,united-states
Embry-Riddle Aeronautical University Scholarships,"Bachelor, Master",Partially Funded,united-states
UCB EU Transition Awards in UK,"Master, Bachelor",Tuition fee discount,united-kingdom
University of Strathclyde Access Bursary for ROI Students in UK,Bachelor,Up to �3000,united-kingdom
Lady Eileen McDonald EU & International Student Funds in UK,"Phd, Master, Bachelor",�300-�500,united-kingdom
LPDP Indonesia Scholarships at Cranfield University,"Master, Phd",Variable funds,united-kingdom
Cranfield Water Scholarships for Malawian Students in UK,Master,"�6,000",united-kingdom
John Gilbert Vause Memorial International Scholarship in the UK,Bachelor,�500,united-kingdom
International Scholarships at Durham University,"Master, Bachelor","�5,000 p.a.",united-kingdom
International College Dundee Entrant Scholarships in UK,Master,"Up to �4,500 p.a.",united-kingdom
International Scholarship Student Competition 2022,"Master, Bachelor, Course","Up to $2,000",united-kingdom
Global Contest Scholarships for International Students 2022,"Master, Bachelor, Course",Up to $2000 awards,united-kingdom
Swansea University EU Transitional Bursary in UK,Bachelor,Tuition fee reduction,united-kingdom
50% scholarship for students based in India - University of Essex Online,"Master, Bachelor, Course",50% scholarship for all courses,united-kingdom
ITESM Doble Grado Tuition Fee Discount for International Students in UK,Master,50% of tuition fees,united-kingdom
High Achiever Scholarships for UK and Ireland Students at University of Buckingham,Bachelor," �2,000",united-kingdom
LLM Master of Law Scholarships for International Students at University of Roehampton,Master,"�5,000",united-kingdom
NYU Wagner Merit Scholarships,"Bachelor, Master",Partially Funded,united-states
Scholarships and Financial Aid for International Students - University of Oregon,"Bachelor, Master",Partially Funded,united-states
WCC scholarships programme (World Council of Churches),"Bachelor, Master, Phd",Fully Funded,united-states
IPRA Foundation Peace Research Grants Program,Phd,Fully Funded,united-states
Jefferson Fellowship,"Master, Phd",Fully Funded,united-states
East Tennessee University - General Undergraduate Scholarships,Bachelor,Partially Funded,united-states
The Nieman Foundation - Journalism Fellowships,Phd,Fully Funded,united-states
Scholarships at Church Divinity School ?of the Pacific,"Bachelor, Master",Partially Funded,united-states
Rajawali Fellows Program - Harvard Kennedy School,Phd,Partially Funded,united-states
Mawista Scholarship for Students Studying Abroad with a Child,"Bachelor, Master",Fully Funded,united-states
East Tennessee State University - International Students Academic Merit Scholarship,"Bachelor, Master, Phd",Partially Funded,united-states
Emory University scholarships for International Students,"Bachelor, Master",Partially Funded,united-states
Illinois Wesleyan University - International Student Scholarships,"Bachelor, Master",Partially Funded,united-states
Berea�s Tuition Promise Scholarship,"Bachelor, Master",Partially Funded,united-states
ROTARY GLOBAL GRANTS,"Master, Phd",Fully Funded,united-states
Lancaster EU Transition Scholarships in UK,"Master, Bachelor","�7,000",united-kingdom
Heads of School Scholarships for EU Students at Bangor University,Phd,10% of tuition fee p.a.,united-kingdom
University of Leeds Faculty of Engineering and Physical Sciences International Undergraduate Excellence Scholarships in UK,Bachelor,"Up to �6,000",united-kingdom
UEA Turkish Awards in the UK,Master,"Up to �5,000",united-kingdom
PGR Transitional Bursary for International Students at Swansea University,"Master, Phd",Reduced tuition fee,united-kingdom
University of Roehampton EU Transition Scholarships in UK,"Master, Bachelor",Tuition fee discount,united-kingdom
University of Birmingham Poynting Excellence international awards in UK,Bachelor,"Up to �3,000",united-kingdom
EU/EEA Scholarships at Middlesex University London in UK,Bachelor,Reduced tuition fees,united-kingdom
Africa postgraduate placements at University of Dundee in UK,Master,"�5,000",united-kingdom
Postgraduate Research international awards in Theory and Simulations of Frequency,Phd,"Fees, stipend + benefits",united-kingdom
KDS International Scholarship Competition 2021-22,"Master, Bachelor, Course","Up to $1,500",united-kingdom
Professional Development Grants for International Students at University of Twente,"Course, Master","Up to $6,500",united-kingdom
International PhD Studentships in Metamaterial Nano-Machines,Phd,Tuition fees + limited funding,united-kingdom
International Excellent Student Scholarships at University of Derby,"Master, Bachelor","�5,000",united-kingdom
international awards at Brockenhurst College,Bachelor,Up to 50% tuition fees,united-kingdom
European Molecular Biology Short-Term Fellowships,Phd,Fully Funded,united-states
John Dillon Fellowship - Australian Centre for International Agricultural Research (ACIAR),Phd,Fully Funded,united-states
Kingston University - International Scholarships,"Bachelor, Master, Phd",Partially Funded,united-states
Thomas College - Graduate International Scholarship Program,Master,Partially Funded,united-states
Hamilton College Scholarships for International Students,Master,Partially Funded,united-states
Konrad von Moltke Research Grants for the young researchers,Phd,Fully Funded,united-states
Institute for Current World Affairs - FELLOWSHIPS,Phd,Fully Funded,united-states
Fulbright Foreign Student Program,"Master, Phd",Fully Funded,united-states
The American Indian Graduate Center - Scholarships,"Bachelor, Master",Partially Funded,united-states
Adobe Research Women-in-Technology Scholarship,Bachelor,Fully Funded,united-states
Fellowships and Scholarships at Pardee RAND Graduate School,Phd,Partially Funded,united-states
Loyola University Undergraduate Scholarships,Bachelor,Partially Funded,united-states
John Lennon Scholarships,"Bachelor, Master",Partially Funded,united-states
New York Film Academy (NYFA) Scholarships,"Bachelor, Master",Partially Funded,united-states
University of Dayton Scholarships for Undergraduate International Students,Bachelor,Partially Funded,united-states
University of Leeds MBA EEA Excellence Scholarships in UK,Master,Half-fee,united-kingdom
South Asia Scholarships at University of Dundee,Bachelor,"$5,000 p.a., up to �25,000",united-kingdom
EU Bursary at University of Reading,Bachelor,"Up to �6,000",united-kingdom
Engagement Bursary for UK and EU Students at University of East London,Bachelor,"Up to �2,000",united-kingdom
East African Scholarships at University of Edinburgh,Master,100% tuition fees,united-kingdom
University of Leeds MBA Americas Excellence Scholarships in UK,Master,Half-fee,united-kingdom
International Students Contest Scholarships 2021-2022,"Master, Bachelor",Up to $1500,united-kingdom
EU Transition Bursary at University of Derby,"Bachelor, Master","�4,500 p.a.",united-kingdom
Dr George Moore Data Science International Student Scholarships in UK,Master,"�3,000",united-kingdom
EU postgraduate placements at University of Stirling,Master,40% fee discount,united-kingdom
University of Manchester International Mathematics Scholarships in UK,Bachelor,"�1,000 p.a.",united-kingdom
University of Liverpool International College (UoLIC) Excellence Scholarships in UK,Bachelor,"�5,000 tuition fee reduction",united-kingdom
University of Liverpool Management School European Union Excellence Scholarships,Master,50% tuition fee waiver,united-kingdom
University of Manchester Global Futures Scholarships in UK,"Master, Bachelor",Variable,united-kingdom
Stirling Postgraduate Bangladesh Scholarships in UK,Master,"�4,000",united-kingdom
International Council of Ophthalmology (ICO) - Three-Month Fellowships,Phd,Fully Funded,united-states
Jefferson Undergraduate Scholarship - University of Virginia,Bachelor,Fully Funded,united-states
Georgia College Scholarships for International Students,"Bachelor, Master",Partially Funded,united-states
Brandeis University - Merit- and Need-Based Scholarships,Master,Partially Funded,united-states
The Boehringer Ingelheim Fonds awards PhD fellowships,Phd,Fully Funded,united-states
The Boehringer Ingelheim Fonds - Travel grants for junior researchers,Phd,Fully Funded,united-states
"Global Achievement Scholarship, Full Sail University",Master,Partially Funded,united-states
"Paul Sumerall Memorial Scholarships, Merchants Bank of California",Master,Partially Funded,united-states
Harvard University-Graduate School of Arts and Sciences - Dissertation Completion Fellowships (DCF),Phd,Fully Funded,united-states
Reagan-Fascell Democracy Fellows - National Endowment for Democracy,Phd,Fully Funded,united-states
TransAtlantic Masters - Scholarships,Master,Not Funded,united-states
Euromasters Scholarships,Master,Partially Funded,united-states
Hayek Fund for Scholars - Institute for Humane Studies at George Mason University,Phd,Partially Funded,united-states
The Humane Studies Fellowship - Institute for Humane Studies at George Mason University,Phd,Fully Funded,united-states
Kutztown University of Pennsylvania - International Student Scholarships,Bachelor,Partially Funded,united-states
Aberdeen Global Scholarships for EU Students in UK,Master,"Up to �5,000",united-kingdom
International Excellence Scholarships at University of East Anglia,Phd,"�4,000",united-kingdom
University of Plymouth Mayflower funding for USA students,Bachelor,"�1,620 tuition fee discount",united-kingdom
EU Scholarships at University of Southampton,"Bachelor, Master","�5,000",united-kingdom
Katrina Honeyman Scholarships for International Students in UK,Bachelor,"�2,000 p.a.",united-kingdom
Materials Science Entry Scholarships for International Students at University of Birmingham,Bachelor,"Up to �3,500",united-kingdom
Queen�s Excellence International Awards in UK,Bachelor,"�2,000",united-kingdom
International Excellence Scholarships at University of Birmingham,Bachelor,"�1,500",united-kingdom
Postgraduate Taught International Student Scholarships at University of Plymouth,Master,"�2,000",united-kingdom
International Academic Excellence Scholarships at University of Plymouth,"Bachelor, Master",50% off tuition fees,united-kingdom
University of York Maths Academic Excellence international awards,Bachelor,"�1,000",united-kingdom
International music awards at Swansea University,Bachelor,Value of �1000 p.a.,united-kingdom
Fulbright Commission Awards for USA Students at University of Warwick in UK,Master,"Up to �26,500",united-kingdom
45 Durham University Business School Masters international awards in UK,Master,"Up to �6,000 off tuition fees",united-kingdom
Rolls Royce PhD Positionsat University of Nottingham for UK and EU Students,Phd,"Tuition fees + �18,000 p.a. stipend",united-kingdom
Erasmus Exchange Programme,Fully Funded,,united-states
YFU (Youth for Undestanding) - Youth Exchange,Not Funded,,united-states
Study in the USA as an exchange student (1-2 semesters),Not Funded,,united-states
Be an exchange student for 1-2 semesters,Not Funded,,united-states
Horizon 2020,Phd,Fully Funded,united-states
Amelia Earhart Fellowship,Phd,Fully Funded,united-states
The Leakey Foundation�s Research Grants to doctoral students,Phd,Fully Funded,united-states
Axol Science Scholarship for Graduate or Undergraduate Degree Programs,"Bachelor, Master, Phd",Fully Funded,united-states
ArtUniverse Scholarships,"Bachelor, Master, Phd",Partially Funded,united-states
Kellogg Institute for International Studies - Visiting Fellowships,Phd,Fully Funded,united-states
"ChameleonJohn Annual $3,000 Scholarship for US Studies","Bachelor, Master, Phd",Not Funded,united-states
New York University Stern merit-based scholarships,Master,Partially Funded,united-states
International Student Scholarships - University of Evansville,"Bachelor, Master",Partially Funded,united-states
International Tuition Award - University of Arizona,Bachelor,Partially Funded,united-states
UN-Nippon Fellowship Programme in Ocean Affairs for Coastal Developing Countries,,,united-states
Academic Achievement International Foundation Progression Scholarships in UK,Bachelor,"�3,000",united-kingdom
University of Derby International merit awards in UK,"Master, Bachelor","�1,500",united-kingdom
Lancaster University Global Scholarships for African Students in UK,Master,"�3,000",united-kingdom
KDS Competition Scholarship 2021,"Master, Bachelor","Up to $1,500",united-kingdom
2021 Contest Scholarships for International Students,"Master, Bachelor, Course","Up to $1,500",united-kingdom
PhD in Advanced Manufacture for UK and EU Students in UK,Phd,"�15,285 p.a.",united-kingdom
PhDs (Cotutelle) Scholarships for EU Students at University of Kent,Phd,50% Tuition fee,united-kingdom
Queen�s University Belfast Vice-Chancellor�s International Attainment postgraduate placements,Master,50% discount on tuition fees,united-kingdom
Vice-Chancellor�s Postgraduate International Excellence Scholarships at University of Brighton,Master,"�3,000",united-kingdom
FindDataLab Research Grant Programme in USA and EU,"Bachelor, Master, Phd, Course","Up to $1,000 towards web scraping serivces",united-kingdom
Warwick School of Engineering PhD International Studentships in Pharmacometric Modelling,Phd,"�15,250 p.a. + tuition fees",united-kingdom
Google Anita Borg Memorial Scholarships for International Students at Arizona State University,Bachelor,"$10,000",united-kingdom
LLM Academic Excellence Scholarships for International Students at University of East Anglia,Master,"Up to �3,000",united-kingdom
Richard and Susan Hayden Academy Fellowship for Worldwide Students in UK,Phd,"�2,365 monthly stipend",united-kingdom
Anniversary Scholarships at London School of Economics and Political Science,Master,"�5,000-�25,000",united-kingdom
Rotary Peace Fellowships,,,united-states
Full Tuition PhD Positionsfor UK and EU Students at University of Warwick,Phd,Full university fees + allowance/award,united-kingdom
IU International University of Applied Sciences Online Scholarships for International Students in Germany,"Master, Bachelor",Up to 85% of tuition fee,united-kingdom
Cranfield University international awards in the UK,Master,,united-kingdom
Built Environment Undergraduate Silver Award for International Students at University of Salford,Bachelor,�2000,united-kingdom
University of Portsmouth Faculty of Business and Law Postgraduate funding for UK and EU Students in UK,"Bachelor, Master",,united-kingdom
Coventry University EU Academic Excellence Award in the UK,"Bachelor, Master","�1,500",united-kingdom
St Mary�s University Vice-Chancellor�s Excellence funding for UK and EU Students in UK,Bachelor,"�3,000",united-kingdom
University of Liverpool Management School Future Leaders Master�s funding for UK and EU Students in UK,Master,Full fee waiver,united-kingdom
Leicester Castle Business School International Postgraduate Taught Merit Scholarship in UK,Master,"�2,500",united-kingdom
University of Bradford International MSc Scholarship in UK,Master,Scholarship ,united-kingdom
Global MBA International Scholarship at De Montfort University,"Bachelor, Master"," �2,500,",united-kingdom
UCL DPU Health in Urban Development International Scholarship in UK,Master,"�10,000",united-kingdom
International Excellence/Achievement Scholarship at University of Birmingham,Bachelor," �7,500",united-kingdom
Scholarship for Online Learner at IU International University of Applied Sciences � Online,"Master, Bachelor",Up to � 13.000,united-kingdom
Scholarship for Academics at IU International University of Applied Sciences � Online,"Master, Bachelor",up to �13.000,united-kingdom
Scholarship for Future Entrepreneur at IU International University of Applied Sciences - Online,"Master, Bachelor",not specified,united-kingdom
Scholarship for STEM/MINT Professionals at IU International University of Applied Sciences - Online,"Master, Bachelor",Up to �13.000,united-kingdom
Scholarship for Women in Leadership and Management at IU International University of Applied Sciences - Online,"Master, Bachelor",Up to �13.000,united-kingdom
International Sporting Excellence Award at University of Nottingham,"Bachelor, Master","�5,000",united-kingdom
International Foundation Year Scholarship at the University of Leeds in the UK,Bachelor,"�3,000",united-kingdom
Fully-Funded PhD Studentship in Nanochemistry at University of Exeter,Phd,"�15,009",united-kingdom
Merit funding for International Students at University of Central Lancashire,"Bachelor, Master","�2,000 per year",united-kingdom
International Scholarship Program (Firdaws Academy),Course,100%,united-kingdom
international awards at the University of South Wales in the UK,"Master, Bachelor","�2,250",united-kingdom
PGT Excellence International Scholarship at the University of Glasgow in the UK,Master, �5000,united-kingdom
Oxford Leo Tong Chen Scholarships for International Students in the UK,Master,"�15,000 ",united-kingdom
Prodigy Finance � International Student Loans,,,united-kingdom
Marine Stewardship Council scholarship research program ,"Bachelor, Master, Phd, Course",Up to �4000,united-kingdom
"Goldsmiths, University of London International Response Scholarships","Bachelor, Master",,united-kingdom
"International Merit Postgraduate Scholarships at University of Sheffield in UK, 2017","Master, Phd",25% of tuition fees,united-kingdom
"University of Manchester PhD Scholarships for International Students in UK, 2017-2018",Phd,,united-kingdom
UCL Undergraduate Scholarships/Bursaries (University College London),Bachelor,Partially Funded,united-kingdom
Erasmus Mundus European Master in Global Studies,Master,Fully Funded,united-kingdom
EMBL International PhD Programme: Fellowships,Phd,Fully Funded,united-kingdom
"International Science Scholarships, Nottingham Trent University",Master,Partially Funded,united-kingdom
WCC scholarships programme (World Council of Churches),"Bachelor, Master, Phd",Fully Funded,united-kingdom
IPRA Foundation Peace Research Grants Program,Phd,Fully Funded,united-kingdom
ECF (European Cultural Foundation) STEP Beyond Travel grant,Phd,Partially Funded,united-kingdom
UWE Bristol International Scholarships: Postgraduate,Master,Partially Funded,united-kingdom
Mawista Scholarship for Students Studying Abroad with a Child,"Bachelor, Master",Fully Funded,united-kingdom
Brunel International Scholarships,"Bachelor, Master",Partially Funded,united-kingdom
Wessex Institute of Technology - Research Studies,Phd,Fully Funded,united-kingdom
ROTARY GLOBAL GRANTS,"Master, Phd",Fully Funded,united-kingdom
Ernst Ludwig Ehrlich Studienwerk - Scholarships,"Master, Phd",Fully Funded,united-kingdom
European Molecular Biology Short-Term Fellowships,Phd,Fully Funded,united-kingdom
"BPP University, UK-Vice Chancellor�s Scholarship","Bachelor, Master",Partially Funded,united-kingdom
John Dillon Fellowship - Australian Centre for International Agricultural Research (ACIAR),Phd,Fully Funded,united-kingdom
Konrad von Moltke Research Grants for the young researchers,Phd,Fully Funded,united-kingdom
Institute for Current World Affairs - FELLOWSHIPS,Phd,Fully Funded,united-kingdom
Airbus Group PhD opportunities,Phd,Fully Funded,united-kingdom
Adobe Research Women-in-Technology Scholarship,Bachelor,Fully Funded,united-kingdom
Pirbright Institute,Phd,Not Funded,united-kingdom
BATH University - Sport Scholarship Scheme,"Bachelor, Master",Partially Funded,united-kingdom
"The Engineering Doctorate (EngD) - Bath and Bournemouth Universities, Centre for Doctoral Training",Phd,Partially Funded,united-kingdom
Exchange Student Programme at SOAS,Not Funded,,united-kingdom
Study Abroad at SOAS,Not Funded,,united-kingdom
Alliance Manchester Business School Scholarships,Master,Partially Funded,united-kingdom
International Council of Ophthalmology (ICO) - Three-Month Fellowships,Phd,Fully Funded,united-kingdom
Boustany Foundation - Cambridge University MBA Scholarship,Master,"�30,000",united-kingdom
The Boehringer Ingelheim Fonds awards PhD fellowships,Phd,Fully Funded,united-kingdom
The Boehringer Ingelheim Fonds - Travel grants for junior researchers,Phd,Fully Funded,united-kingdom
"Paul Sumerall Memorial Scholarships, Merchants Bank of California",Master,Partially Funded,united-kingdom
University of Hertfordshire - Scholarships for international students,"Master, Phd",Partially Funded,united-kingdom
TransAtlantic Masters - Scholarships,Master,Not Funded,united-kingdom
Euromasters Scholarships,Master,Partially Funded,united-kingdom
London Met University - Funding your studies,"Master, Bachelor, Phd",Partially Funded,united-kingdom
London Met University - Funding your studies,"Master, Bachelor, Phd",Partially Funded,united-kingdom
Hayek Fund for Scholars - Institute for Humane Studies at George Mason University,Phd,Partially Funded,united-kingdom
The Humane Studies Fellowship - Institute for Humane Studies at George Mason University,Phd,Fully Funded,united-kingdom
Wessex Institute of Technology - Research Studies,Phd,Fully Funded,united-kingdom
Erasmus Exchange Programme,Fully Funded,,united-kingdom
YFU (Youth for Undestanding) - Youth Exchange,Not Funded,,united-kingdom
Be an exchange student for 1-2 semesters,Not Funded,,united-kingdom
Birmingham Masters Scholarships,Master,Partially Funded,united-kingdom
Horizon 2020,Phd,Fully Funded,united-kingdom
Amelia Earhart Fellowship,Phd,Fully Funded,united-kingdom
The Leakey Foundation�s Research Grants to doctoral students,Phd,Fully Funded,united-kingdom
Axol Science Scholarship for Graduate or Undergraduate Degree Programs,"Bachelor, Master, Phd",Fully Funded,united-kingdom
ArtUniverse Scholarships,"Bachelor, Master, Phd",Partially Funded,united-kingdom
High Achievers Scholarship - Edge Hill University,Bachelor,Partially Funded,united-kingdom
Wolfson Postgraduate Scholarships in the Humanities - The Wolfson Foundation,Phd,Partially Funded,united-kingdom
Durham Doctoral Studentships,Phd,Partially Funded,united-kingdom
Sir Henry Wellcome Postdoctoral Fellowships,Phd,Fully Funded,united-kingdom
Heriot-Watt Scholarships and bursaries for UK campuses,"Bachelor, Master, Phd",Partially Funded,united-kingdom
The Keith Murray Senior Scholarship,Master,Course fees,united-kingdom
Cambridge International Scholarships,,,united-kingdom
Warwick Chancellor�s International Scholarships,,,united-kingdom
UN-Nippon Fellowship Programme in Ocean Affairs for Coastal Developing Countries,,,united-kingdom
Westminster Full Fee Scholarships for International Students,,,united-kingdom
UWE Millennium Development Scholarship for International Students,,,united-kingdom
Transform Together Scholarships for International and European Union (non-UK) Students,,,united-kingdom
Rotary Peace Fellowships,,,united-kingdom
UWE Global Student Scholarships for International Students,,,united-kingdom
Bristol University International Scholarships,,,united-kingdom
Rhodes Scholarships at Oxford University for International Students,,,united-kingdom
Reach Oxford Scholarships for Developing Country Students,,,united-kingdom
Schlumberger Cambridge Scholarships for Students from Developing Countries,,,united-kingdom
University of Birmingham Scholarships for International Students,,,united-kingdom
Florence Congleton Scholarships for African Women at University of Birmingham,,,united-kingdom
University of Westminster Full International Scholarships,,,united-kingdom
British Chevening Scholarships for International Students,,,united-kingdom
Skoll MBA Scholarships at Said Business School,,,united-kingdom
Career Development PhD Scholarships at University of Edinburgh,,,united-kingdom
Mo Ibrahim Foundation MBA Scholarships for Sub-Saharan Africans at London Business School,,,united-kingdom
Nottingham Developing Solutions Scholarships,,,united-kingdom
Scholarships for International Students at University of Exeter,,,united-kingdom
Desmond Tutu�s Masters Scholarships for Africans,,,united-kingdom
Southern African Scholarships at University of Edinburgh,,,united-kingdom
Edinburgh Global Masters Scholarships,,,united-kingdom
Erasmus Mundus Scholarships in Agricultural Development and NRM,,,united-kingdom
Erasmus Mundus Scholarships in Sustainable Forest and Nature Management,,,united-kingdom
Westminster International Scholarships,,,united-kingdom
Bristol MBA International Scholarship,,,united-kingdom
LJMU Roscoe International Scholarship,,,united-kingdom
Masters in Engineering Geology Scholarships at University of Leeds,,,united-kingdom
Sustainability Masters Scholarships at University of Leeds,,,united-kingdom
MRes in Climate and Atmospheric Science Scholarships at University of Leeds,,,united-kingdom
Eira Francis Davies Scholarship at Swansea University,,,united-kingdom
Swansea University International Excellence and Merit Scholarships,,,united-kingdom
Westminster Disaster Regeneration Scholarship,,,united-kingdom
Ruth First Scholarships for Southern Africans at Durham University,,,united-kingdom
"Eldred-Waverley Scholarship at Linacre College, Oxford",,,united-kingdom
Oppenheimer Fund Scholarships at University of Oxford,,,united-kingdom
Oxford Pershing Square Graduate Scholarships,,,united-kingdom
Rhodes Scholarships in Oxford University for Southern Africans,,,united-kingdom
Nottingham Trent University Science Scholarships for Non-EU Students,,,united-kingdom
Sussex Chancellor�s International Research Scholarships,,,united-kingdom
UWE Chancellor�s Scholarships for International Students,,,united-kingdom
Swansea University International Excellence Scholarships,,,united-kingdom
